-- Migration: 186_create_mock_legacy_account.sql
-- Description: Создание тестового legacy аккаунта с полными моковыми данными
-- Purpose: Тестирование CRM системы, креативов, ROI аналитики
-- Based on: user 0f559eb0-53fa-4b6a-a51b-5d3e15e5864b (Бас Дент)
--
-- Structure:
-- 1. user_accounts (1 запись)
-- 2. account_directions (3 записи: Имплантация, Гнатология, Виниры)
-- 3. user_creatives (12 записей: 4+4+4)
-- 4. creative_tests (12 записей с реалистичными метриками)
-- 5. ad_creative_mapping (12 записей)
-- 6. leads (40 записей)
-- 7. purchases (10 продаж)
-- 8. brain_executions (7 записей истории оптимизаций)
--
-- Период данных: 2026-01-03 → 2026-02-02 (30 дней)
-- Legacy режим: multi_account_enabled = false, account_id = NULL
-- Моковые FB IDs: префикс "mock_"

-- =============================================================================
-- 1. USER_ACCOUNTS (1 запись)
-- =============================================================================

-- Fixed UUID для легкого поиска и удаления
INSERT INTO user_accounts (
  id,
  username,
  password,
  access_token,
  ad_account_id,
  page_id,
  instagram_id,
  instagram_username,
  tarif,
  is_active,
  autopilot,
  prompt1,
  current_campaign_goal,
  multi_account_enabled,
  created_at,
  updated_at
) VALUES (
  '00000000-0000-0000-0000-000000000001',
  'mock_dental_user',
  'mock_password_hash_placeholder',
  'mock_access_token_EAABwzLixnjY...',
  'act_999888777666',
  'mock_page_111222333',
  'mock_ig_444555666',
  'test_dental_clinic',
  'ai_target',
  true,
  false,
  E'# Бизнес-контекст (из Бас Дент)\n\n## Продукты и услуги:\n\n**Имплантация:**\n- Официальный дистрибьютор Straumann (Швейцария) — импланты №1 в мире\n- Привилегированные гарантии, практически пожизненные\n- Есть бюджетный вариант — корейские импланты от 100 000 тг\n\n**Гнатология:**\n- Гнатологический центр в составе клиники — топ-3 по СНГ\n- Комплексный подход: сначала диагностика ВНЧС, потом лечение\n- Решаем проблемы с ВНЧС, которые не могут диагностировать годами\n\n**Виниры/тотальные работы:**\n- Одни из лучших в Казахстане\n- Гнатологический центр обеспечивает качество и долговечность\n- Естественный результат, не "голливудская улыбка"\n\n**Брекеты:**\n- Установка только после консультации гнатолога\n- Полное обследование ВНЧС перед лечением\n- Результат, который держится — правильный подход\n\n## Боли клиентов:\n\n**Имплантация:**\n- Страх некачественных имплантов, которые не приживутся\n- Переживания о гарантиях — "а что если что-то пойдёт не так?"\n- Боязнь переплатить за бренд без реальной разницы в качестве\n- Потеря зубов и стеснение улыбаться\n\n**Гнатология:**\n- Хронические головные боли, щелчки в челюсти\n- Проблемы с ВНЧС, которые не могут диагностировать годами\n- Неправильный прикус, влияющий на осанку и самочувствие\n- Прошлое неудачное лечение в других клиниках\n\n**Виниры:**\n- Комплексы из-за цвета, формы, щелей между зубами\n- Страх "голливудской улыбки" — хочется естественно\n- Боязнь, что виниры быстро испортятся\n\n**Брекеты:**\n- Страх, что брекеты не дадут результата или зубы вернутся\n- Неправильно поставленные брекеты в прошлом\n- Желание красивой улыбки, но непонимание с чего начать\n\n## Целевая аудитория:\n- Возраст: 25-55 лет\n- Пол: любой\n- Регион: Астана\n- Уровень дохода: средний и выше среднего',
  'whatsapp',
  false, -- Legacy режим
  '2026-01-03 00:00:00+00',
  CURRENT_TIMESTAMP
);

-- =============================================================================
-- 2. ACCOUNT_DIRECTIONS (3 записи)
-- =============================================================================

-- Имплантация
INSERT INTO account_directions (
  id,
  user_account_id,
  account_id,
  name,
  objective,
  fb_campaign_id,
  campaign_status,
  daily_budget_cents,
  target_cpl_cents,
  is_active,
  created_at,
  updated_at
) VALUES (
  '00000000-0000-0001-0000-000000000001',
  '00000000-0000-0000-0000-000000000001',
  NULL,
  'Имплантация',
  'whatsapp',
  'mock_campaign_11111111',
  'ACTIVE',
  10000, -- $100/день
  400,   -- $4 CPL target
  true,
  '2026-01-03 00:00:00+00',
  CURRENT_TIMESTAMP
);

-- Гнатология
INSERT INTO account_directions (
  id,
  user_account_id,
  account_id,
  name,
  objective,
  fb_campaign_id,
  campaign_status,
  daily_budget_cents,
  target_cpl_cents,
  is_active,
  created_at,
  updated_at
) VALUES (
  '00000000-0000-0001-0000-000000000002',
  '00000000-0000-0000-0000-000000000001',
  NULL,
  'Гнатология',
  'whatsapp',
  'mock_campaign_22222222',
  'ACTIVE',
  5000,  -- $50/день
  400,   -- $4 CPL target
  true,
  '2026-01-03 00:00:00+00',
  CURRENT_TIMESTAMP
);

-- Виниры
INSERT INTO account_directions (
  id,
  user_account_id,
  account_id,
  name,
  objective,
  fb_campaign_id,
  campaign_status,
  daily_budget_cents,
  target_cpl_cents,
  is_active,
  created_at,
  updated_at
) VALUES (
  '00000000-0000-0001-0000-000000000003',
  '00000000-0000-0000-0000-000000000001',
  NULL,
  'Виниры',
  'whatsapp',
  'mock_campaign_33333333',
  'ACTIVE',
  3000,  -- $30/день
  500,   -- $5 CPL target
  true,
  '2026-01-03 00:00:00+00',
  CURRENT_TIMESTAMP
);

-- =============================================================================
-- 3. USER_CREATIVES (12 записей: 4+4+4)
-- =============================================================================

-- ========================================
-- Имплантация (4 креатива)
-- ========================================

INSERT INTO user_creatives (id, user_id, account_id, title, status, direction_id, media_type, fb_video_id, fb_creative_id_whatsapp, is_active, created_at, updated_at) VALUES
('00000000-0000-0002-0000-000000000001', '00000000-0000-0000-0000-000000000001', NULL, 'самая низкая цена', 'ready', '00000000-0000-0001-0000-000000000001', 'video', 'mock_video_777888', 'mock_creative_999000', true, '2026-01-05 10:00:00+00', CURRENT_TIMESTAMP),
('00000000-0000-0002-0000-000000000002', '00000000-0000-0000-0000-000000000001', NULL, 'пока откладываете кость уменьшается', 'ready', '00000000-0000-0001-0000-000000000001', 'video', 'mock_video_777889', 'mock_creative_999001', true, '2026-01-06 11:00:00+00', CURRENT_TIMESTAMP),
('00000000-0000-0002-0000-000000000003', '00000000-0000-0000-0000-000000000001', NULL, 'недавно удалил зуб', 'ready', '00000000-0000-0001-0000-000000000001', 'video', 'mock_video_777890', 'mock_creative_999002', true, '2026-01-07 12:00:00+00', CURRENT_TIMESTAMP),
('00000000-0000-0002-0000-000000000004', '00000000-0000-0000-0000-000000000001', NULL, 'восстановим за 8000', 'ready', '00000000-0000-0001-0000-000000000001', 'video', 'mock_video_777891', 'mock_creative_999003', true, '2026-01-08 13:00:00+00', CURRENT_TIMESTAMP);

-- ========================================
-- Гнатология (4 креатива)
-- ========================================

INSERT INTO user_creatives (id, user_id, account_id, title, status, direction_id, media_type, fb_video_id, fb_creative_id_whatsapp, is_active, created_at, updated_at) VALUES
('00000000-0000-0002-0000-000000000011', '00000000-0000-0000-0000-000000000001', NULL, 'щелкает в челюсти при открытии рта', 'ready', '00000000-0000-0001-0000-000000000002', 'image', NULL, 'mock_creative_999010', true, '2026-01-08 10:00:00+00', CURRENT_TIMESTAMP),
('00000000-0000-0002-0000-000000000012', '00000000-0000-0000-0000-000000000001', NULL, 'когда вы слышите щелчок', 'ready', '00000000-0000-0001-0000-000000000002', 'video', 'mock_video_777900', 'mock_creative_999011', true, '2026-01-09 11:00:00+00', CURRENT_TIMESTAMP),
('00000000-0000-0002-0000-000000000013', '00000000-0000-0000-0000-000000000001', NULL, 'если при открытии рта', 'ready', '00000000-0000-0001-0000-000000000002', 'video', 'mock_video_777901', 'mock_creative_999012', true, '2026-01-10 12:00:00+00', CURRENT_TIMESTAMP),
('00000000-0000-0002-0000-000000000014', '00000000-0000-0000-0000-000000000001', NULL, 'чувствуете хруст', 'ready', '00000000-0000-0001-0000-000000000002', 'video', 'mock_video_777902', 'mock_creative_999013', true, '2026-01-11 13:00:00+00', CURRENT_TIMESTAMP);

-- ========================================
-- Виниры (4 креатива)
-- ========================================

INSERT INTO user_creatives (id, user_id, account_id, title, status, direction_id, media_type, fb_video_id, fb_creative_id_whatsapp, is_active, created_at, updated_at) VALUES
('00000000-0000-0002-0000-000000000021', '00000000-0000-0000-0000-000000000001', NULL, 'хотите полностью изменить улыбку', 'ready', '00000000-0000-0001-0000-000000000003', 'video', 'mock_video_777910', 'mock_creative_999020', true, '2026-01-09 10:00:00+00', CURRENT_TIMESTAMP),
('00000000-0000-0002-0000-000000000022', '00000000-0000-0000-0000-000000000001', NULL, 'хотите виниры на все зубы', 'ready', '00000000-0000-0001-0000-000000000003', 'video', 'mock_video_777911', 'mock_creative_999021', true, '2026-01-10 11:00:00+00', CURRENT_TIMESTAMP),
('00000000-0000-0002-0000-000000000023', '00000000-0000-0000-0000-000000000001', NULL, 'одни довольны', 'ready', '00000000-0000-0001-0000-000000000003', 'video', 'mock_video_777912', 'mock_creative_999022', true, '2026-01-11 12:00:00+00', CURRENT_TIMESTAMP),
('00000000-0000-0002-0000-000000000024', '00000000-0000-0000-0000-000000000001', NULL, 'время и деньги', 'ready', '00000000-0000-0001-0000-000000000003', 'video', 'mock_video_777913', 'mock_creative_999023', true, '2026-01-12 13:00:00+00', CURRENT_TIMESTAMP);

-- =============================================================================
-- 4. CREATIVE_TESTS (12 записей с реалистичными метриками)
-- =============================================================================

-- Имплантация: Тест 1 (ОТЛИЧНЫЙ — CPL $2.85)
INSERT INTO creative_tests (
  id, user_creative_id, user_id, account_id, campaign_id, adset_id, ad_id,
  test_budget_cents, test_impressions_limit, objective, status,
  started_at, completed_at,
  impressions, reach, frequency, clicks, link_clicks, ctr, link_ctr,
  leads, spend_cents, cpm_cents, cpc_cents, cpl_cents,
  video_views, video_views_25_percent, video_views_50_percent, video_views_75_percent, video_views_95_percent, video_avg_watch_time_sec,
  llm_score, llm_verdict, llm_reasoning,
  created_at, updated_at
) VALUES (
  gen_random_uuid(), '00000000-0000-0002-0000-000000000001', '00000000-0000-0000-0000-000000000001', NULL,
  'mock_campaign_11111111', 'mock_adset_555001', 'mock_ad_666001',
  2000, 1000, 'WhatsApp', 'completed',
  '2026-01-10 10:00:00+00', '2026-01-11 15:30:00+00',
  1420, 1103, 1.29, 87, 73, 6.13, 5.14,
  7, 1995, 141, 23, 285,
  542, 487, 391, 298, 189, 8.7,
  82, 'good', 'Креатив показывает хороший CPL ниже таргета ($2.85 vs $4). Высокий engagement, watch time 8.7 сек. Рекомендуется масштабировать.',
  '2026-01-11 15:30:00+00', CURRENT_TIMESTAMP
);

-- Имплантация: Тест 2 (СРЕДНИЙ — CPL $5.87)
INSERT INTO creative_tests (
  id, user_creative_id, user_id, account_id, campaign_id, adset_id, ad_id,
  test_budget_cents, test_impressions_limit, objective, status,
  started_at, completed_at,
  impressions, reach, frequency, clicks, link_clicks, ctr, link_ctr,
  leads, spend_cents, cpm_cents, cpc_cents, cpl_cents,
  video_views, video_views_25_percent, video_views_50_percent, video_views_75_percent, video_views_95_percent, video_avg_watch_time_sec,
  llm_score, llm_verdict, llm_reasoning,
  created_at, updated_at
) VALUES (
  gen_random_uuid(), '00000000-0000-0002-0000-000000000002', '00000000-0000-0000-0000-000000000001', NULL,
  'mock_campaign_11111111', 'mock_adset_555002', 'mock_ad_666002',
  2000, 1000, 'WhatsApp', 'completed',
  '2026-01-12 10:00:00+00', '2026-01-13 16:45:00+00',
  1180, 945, 1.25, 64, 51, 5.42, 4.32,
  3, 1762, 149, 28, 587,
  398, 347, 271, 198, 112, 7.2,
  64, 'average', 'CPL выше таргета ($5.87 vs $4). Низкое количество лидов. Креатив требует доработки или паузы.',
  '2026-01-13 16:45:00+00', CURRENT_TIMESTAMP
);

-- Имплантация: Тест 3 (ПЛОХОЙ — CPL $7.89)
INSERT INTO creative_tests (
  id, user_creative_id, user_id, account_id, campaign_id, adset_id, ad_id,
  test_budget_cents, test_impressions_limit, objective, status,
  started_at, completed_at,
  impressions, reach, frequency, clicks, link_clicks, ctr, link_ctr,
  leads, spend_cents, cpm_cents, cpc_cents, cpl_cents,
  video_views, video_views_25_percent, video_views_50_percent, video_views_75_percent, video_views_95_percent, video_avg_watch_time_sec,
  llm_score, llm_verdict, llm_reasoning,
  created_at, updated_at
) VALUES (
  gen_random_uuid(), '00000000-0000-0002-0000-000000000003', '00000000-0000-0000-0000-000000000001', NULL,
  'mock_campaign_11111111', 'mock_adset_555003', 'mock_ad_666003',
  2000, 1000, 'WhatsApp', 'completed',
  '2026-01-14 10:00:00+00', '2026-01-15 14:20:00+00',
  920, 734, 1.25, 48, 39, 5.22, 4.24,
  2, 1578, 172, 33, 789,
  289, 241, 178, 121, 67, 6.1,
  41, 'poor', 'Высокий CPL ($7.89), почти в 2 раза выше таргета. Низкий engagement. Рекомендуется приостановить.',
  '2026-01-15 14:20:00+00', CURRENT_TIMESTAMP
);

-- Имплантация: Тест 4 (ОТЛИЧНЫЙ — CPL $2.15)
INSERT INTO creative_tests (
  id, user_creative_id, user_id, account_id, campaign_id, adset_id, ad_id,
  test_budget_cents, test_impressions_limit, objective, status,
  started_at, completed_at,
  impressions, reach, frequency, clicks, link_clicks, ctr, link_ctr,
  leads, spend_cents, cpm_cents, cpc_cents, cpl_cents,
  video_views, video_views_25_percent, video_views_50_percent, video_views_75_percent, video_views_95_percent, video_avg_watch_time_sec,
  llm_score, llm_verdict, llm_reasoning,
  created_at, updated_at
) VALUES (
  gen_random_uuid(), '00000000-0000-0002-0000-000000000004', '00000000-0000-0000-0000-000000000001', NULL,
  'mock_campaign_11111111', 'mock_adset_555004', 'mock_ad_666004',
  2000, 1000, 'WhatsApp', 'completed',
  '2026-01-16 10:00:00+00', '2026-01-17 16:00:00+00',
  1580, 1240, 1.27, 102, 84, 6.46, 5.32,
  9, 1935, 122, 19, 215,
  627, 571, 482, 364, 241, 9.3,
  89, 'excellent', 'Отличный результат! CPL $2.15 — на 46% ниже таргета. Высокий watch time 9.3 сек, отличный CTR. Приоритетный креатив для масштабирования.',
  '2026-01-17 16:00:00+00', CURRENT_TIMESTAMP
);

-- Гнатология: Тест 1 (СРЕДНИЙ — CPL $4.67, картинка)
INSERT INTO creative_tests (
  id, user_creative_id, user_id, account_id, campaign_id, adset_id, ad_id,
  test_budget_cents, test_impressions_limit, objective, status,
  started_at, completed_at,
  impressions, reach, frequency, clicks, link_clicks, ctr, link_ctr,
  leads, spend_cents, cpm_cents, cpc_cents, cpl_cents,
  video_views, video_views_25_percent, video_views_50_percent, video_views_75_percent, video_views_95_percent, video_avg_watch_time_sec,
  llm_score, llm_verdict, llm_reasoning,
  created_at, updated_at
) VALUES (
  gen_random_uuid(), '00000000-0000-0002-0000-000000000011', '00000000-0000-0000-0000-000000000001', NULL,
  'mock_campaign_22222222', 'mock_adset_555010', 'mock_ad_666010',
  2000, 1000, 'WhatsApp', 'completed',
  '2026-01-15 10:00:00+00', '2026-01-16 15:45:00+00',
  1320, 1089, 1.21, 78, 62, 5.91, 4.70,
  4, 1868, 142, 24, 467,
  NULL, NULL, NULL, NULL, NULL, NULL, -- картинка, нет видео метрик
  67, 'average', 'CPL $4.67 — близко к таргету $4. Статичное изображение, нормальный CTR. Можно протестировать видео-версию.',
  '2026-01-16 15:45:00+00', CURRENT_TIMESTAMP
);

-- Гнатология: Тест 2 (ОТЛИЧНЫЙ — CPL $2.41)
INSERT INTO creative_tests (
  id, user_creative_id, user_id, account_id, campaign_id, adset_id, ad_id,
  test_budget_cents, test_impressions_limit, objective, status,
  started_at, completed_at,
  impressions, reach, frequency, clicks, link_clicks, ctr, link_ctr,
  leads, spend_cents, cpm_cents, cpc_cents, cpl_cents,
  video_views, video_views_25_percent, video_views_50_percent, video_views_75_percent, video_views_95_percent, video_avg_watch_time_sec,
  llm_score, llm_verdict, llm_reasoning,
  created_at, updated_at
) VALUES (
  gen_random_uuid(), '00000000-0000-0002-0000-000000000012', '00000000-0000-0000-0000-000000000001', NULL,
  'mock_campaign_22222222', 'mock_adset_555011', 'mock_ad_666011',
  2000, 1000, 'WhatsApp', 'completed',
  '2026-01-17 10:00:00+00', '2026-01-18 16:30:00+00',
  1510, 1198, 1.26, 94, 79, 6.23, 5.23,
  8, 1928, 128, 21, 241,
  598, 534, 446, 342, 219, 8.9,
  85, 'good', 'Отличный CPL $2.41 (-40% от таргета). Высокий engagement для гнатологии. Видео хорошо раскрывает проблему.',
  '2026-01-18 16:30:00+00', CURRENT_TIMESTAMP
);

-- Гнатология: Тест 3 (СРЕДНИЙ — CPL $5.32)
INSERT INTO creative_tests (
  id, user_creative_id, user_id, account_id, campaign_id, adset_id, ad_id,
  test_budget_cents, test_impressions_limit, objective, status,
  started_at, completed_at,
  impressions, reach, frequency, clicks, link_clicks, ctr, link_ctr,
  leads, spend_cents, cpm_cents, cpc_cents, cpl_cents,
  video_views, video_views_25_percent, video_views_50_percent, video_views_75_percent, video_views_95_percent, video_avg_watch_time_sec,
  llm_score, llm_verdict, llm_reasoning,
  created_at, updated_at
) VALUES (
  gen_random_uuid(), '00000000-0000-0002-0000-000000000013', '00000000-0000-0000-0000-000000000001', NULL,
  'mock_campaign_22222222', 'mock_adset_555012', 'mock_ad_666012',
  2000, 1000, 'WhatsApp', 'completed',
  '2026-01-19 10:00:00+00', '2026-01-20 15:20:00+00',
  1240, 987, 1.26, 71, 58, 5.73, 4.68,
  3, 1596, 129, 22, 532,
  421, 378, 297, 218, 134, 7.5,
  62, 'average', 'CPL $5.32 выше таргета на 33%. Средний результат. Можно улучшить таргетинг или креатив.',
  '2026-01-20 15:20:00+00', CURRENT_TIMESTAMP
);

-- Гнатология: Тест 4 (ОТЛИЧНЫЙ — CPL $1.89)
INSERT INTO creative_tests (
  id, user_creative_id, user_id, account_id, campaign_id, adset_id, ad_id,
  test_budget_cents, test_impressions_limit, objective, status,
  started_at, completed_at,
  impressions, reach, frequency, clicks, link_clicks, ctr, link_ctr,
  leads, spend_cents, cpm_cents, cpc_cents, cpl_cents,
  video_views, video_views_25_percent, video_views_50_percent, video_views_75_percent, video_views_95_percent, video_avg_watch_time_sec,
  llm_score, llm_verdict, llm_reasoning,
  created_at, updated_at
) VALUES (
  gen_random_uuid(), '00000000-0000-0002-0000-000000000014', '00000000-0000-0000-0000-000000000001', NULL,
  'mock_campaign_22222222', 'mock_adset_555013', 'mock_ad_666013',
  2000, 1000, 'WhatsApp', 'completed',
  '2026-01-21 10:00:00+00', '2026-01-22 17:00:00+00',
  1690, 1342, 1.26, 108, 91, 6.39, 5.38,
  10, 1890, 112, 18, 189,
  672, 614, 517, 398, 267, 9.1,
  91, 'excellent', 'Топовый результат! CPL $1.89 — на 53% ниже таргета. Отличный watch time 9.1 сек. Креатив точно попадает в боль аудитории.',
  '2026-01-22 17:00:00+00', CURRENT_TIMESTAMP
);

-- Виниры: Тест 1 (СРЕДНИЙ — CPL $6.12)
INSERT INTO creative_tests (
  id, user_creative_id, user_id, account_id, campaign_id, adset_id, ad_id,
  test_budget_cents, test_impressions_limit, objective, status,
  started_at, completed_at,
  impressions, reach, frequency, clicks, link_clicks, ctr, link_ctr,
  leads, spend_cents, cpm_cents, cpc_cents, cpl_cents,
  video_views, video_views_25_percent, video_views_50_percent, video_views_75_percent, video_views_95_percent, video_avg_watch_time_sec,
  llm_score, llm_verdict, llm_reasoning,
  created_at, updated_at
) VALUES (
  gen_random_uuid(), '00000000-0000-0002-0000-000000000021', '00000000-0000-0000-0000-000000000001', NULL,
  'mock_campaign_33333333', 'mock_adset_555020', 'mock_ad_666020',
  2000, 1000, 'WhatsApp', 'completed',
  '2026-01-18 10:00:00+00', '2026-01-19 15:15:00+00',
  1150, 934, 1.23, 68, 54, 5.91, 4.70,
  3, 1836, 160, 27, 612,
  412, 367, 289, 204, 118, 7.1,
  59, 'average', 'CPL $6.12 выше таргета $5 на 22%. Средний engagement. Для виниров нужен более сильный эмоциональный хук.',
  '2026-01-19 15:15:00+00', CURRENT_TIMESTAMP
);

-- Виниры: Тест 2 (ОТЛИЧНЫЙ — CPL $3.86)
INSERT INTO creative_tests (
  id, user_creative_id, user_id, account_id, campaign_id, adset_id, ad_id,
  test_budget_cents, test_impressions_limit, objective, status,
  started_at, completed_at,
  impressions, reach, frequency, clicks, link_clicks, ctr, link_ctr,
  leads, spend_cents, cpm_cents, cpc_cents, cpl_cents,
  video_views, video_views_25_percent, video_views_50_percent, video_views_75_percent, video_views_95_percent, video_avg_watch_time_sec,
  llm_score, llm_verdict, llm_reasoning,
  created_at, updated_at
) VALUES (
  gen_random_uuid(), '00000000-0000-0002-0000-000000000022', '00000000-0000-0000-0000-000000000001', NULL,
  'mock_campaign_33333333', 'mock_adset_555021', 'mock_ad_666021',
  2000, 1000, 'WhatsApp', 'completed',
  '2026-01-20 10:00:00+00', '2026-01-21 16:45:00+00',
  1380, 1124, 1.23, 84, 68, 6.09, 4.93,
  5, 1930, 140, 23, 386,
  523, 471, 381, 289, 174, 8.2,
  78, 'good', 'Хороший CPL $3.86 (-23% от таргета). Креатив работает на страх "голливудской улыбки". Рекомендуется масштабировать.',
  '2026-01-21 16:45:00+00', CURRENT_TIMESTAMP
);

-- Виниры: Тест 3 (ПЛОХОЙ — CPL $8.34)
INSERT INTO creative_tests (
  id, user_creative_id, user_id, account_id, campaign_id, adset_id, ad_id,
  test_budget_cents, test_impressions_limit, objective, status,
  started_at, completed_at,
  impressions, reach, frequency, clicks, link_clicks, ctr, link_ctr,
  leads, spend_cents, cpm_cents, cpc_cents, cpl_cents,
  video_views, video_views_25_percent, video_views_50_percent, video_views_75_percent, video_views_95_percent, video_avg_watch_time_sec,
  llm_score, llm_verdict, llm_reasoning,
  created_at, updated_at
) VALUES (
  gen_random_uuid(), '00000000-0000-0002-0000-000000000023', '00000000-0000-0000-0000-000000000001', NULL,
  'mock_campaign_33333333', 'mock_adset_555022', 'mock_ad_666022',
  2000, 1000, 'WhatsApp', 'completed',
  '2026-01-22 10:00:00+00', '2026-01-23 14:30:00+00',
  1020, 823, 1.24, 56, 43, 5.49, 4.22,
  2, 1668, 164, 30, 834,
  357, 314, 241, 167, 89, 6.4,
  45, 'poor', 'Высокий CPL $8.34 (+67% от таргета). Низкий engagement и watch time. Креатив не раскрывает ценность виниров.',
  '2026-01-23 14:30:00+00', CURRENT_TIMESTAMP
);

-- Виниры: Тест 4 (СРЕДНИЙ — CPL $4.98)
INSERT INTO creative_tests (
  id, user_creative_id, user_id, account_id, campaign_id, adset_id, ad_id,
  test_budget_cents, test_impressions_limit, objective, status,
  started_at, completed_at,
  impressions, reach, frequency, clicks, link_clicks, ctr, link_ctr,
  leads, spend_cents, cpm_cents, cpc_cents, cpl_cents,
  video_views, video_views_25_percent, video_views_50_percent, video_views_75_percent, video_views_95_percent, video_avg_watch_time_sec,
  llm_score, llm_verdict, llm_reasoning,
  created_at, updated_at
) VALUES (
  gen_random_uuid(), '00000000-0000-0002-0000-000000000024', '00000000-0000-0000-0000-000000000001', NULL,
  'mock_campaign_33333333', 'mock_adset_555023', 'mock_ad_666023',
  2000, 1000, 'WhatsApp', 'completed',
  '2026-01-24 10:00:00+00', '2026-01-25 15:50:00+00',
  1290, 1047, 1.23, 76, 61, 5.89, 4.73,
  4, 1992, 154, 26, 498,
  461, 414, 334, 248, 147, 7.6,
  69, 'average', 'CPL $4.98 — практически на таргете $5. Средний результат. Можно оптимизировать текст под видео.',
  '2026-01-25 15:50:00+00', CURRENT_TIMESTAMP
);

-- =============================================================================
-- 5. AD_CREATIVE_MAPPING (12 записей)
-- =============================================================================

INSERT INTO ad_creative_mapping (id, ad_id, user_creative_id, direction_id, user_id, account_id, adset_id, campaign_id, fb_creative_id, source, created_at) VALUES
(gen_random_uuid(), 'mock_ad_666001', '00000000-0000-0002-0000-000000000001', '00000000-0000-0001-0000-000000000001', '00000000-0000-0000-0000-000000000001', NULL, 'mock_adset_555001', 'mock_campaign_11111111', 'mock_creative_999000', 'creative_test', '2026-01-10 10:00:00+00'),
(gen_random_uuid(), 'mock_ad_666002', '00000000-0000-0002-0000-000000000002', '00000000-0000-0001-0000-000000000001', '00000000-0000-0000-0000-000000000001', NULL, 'mock_adset_555002', 'mock_campaign_11111111', 'mock_creative_999001', 'creative_test', '2026-01-12 10:00:00+00'),
(gen_random_uuid(), 'mock_ad_666003', '00000000-0000-0002-0000-000000000003', '00000000-0000-0001-0000-000000000001', '00000000-0000-0000-0000-000000000001', NULL, 'mock_adset_555003', 'mock_campaign_11111111', 'mock_creative_999002', 'creative_test', '2026-01-14 10:00:00+00'),
(gen_random_uuid(), 'mock_ad_666004', '00000000-0000-0002-0000-000000000004', '00000000-0000-0001-0000-000000000001', '00000000-0000-0000-0000-000000000001', NULL, 'mock_adset_555004', 'mock_campaign_11111111', 'mock_creative_999003', 'creative_test', '2026-01-16 10:00:00+00'),
(gen_random_uuid(), 'mock_ad_666010', '00000000-0000-0002-0000-000000000011', '00000000-0000-0001-0000-000000000002', '00000000-0000-0000-0000-000000000001', NULL, 'mock_adset_555010', 'mock_campaign_22222222', 'mock_creative_999010', 'creative_test', '2026-01-15 10:00:00+00'),
(gen_random_uuid(), 'mock_ad_666011', '00000000-0000-0002-0000-000000000012', '00000000-0000-0001-0000-000000000002', '00000000-0000-0000-0000-000000000001', NULL, 'mock_adset_555011', 'mock_campaign_22222222', 'mock_creative_999011', 'creative_test', '2026-01-17 10:00:00+00'),
(gen_random_uuid(), 'mock_ad_666012', '00000000-0000-0002-0000-000000000013', '00000000-0000-0001-0000-000000000002', '00000000-0000-0000-0000-000000000001', NULL, 'mock_adset_555012', 'mock_campaign_22222222', 'mock_creative_999012', 'creative_test', '2026-01-19 10:00:00+00'),
(gen_random_uuid(), 'mock_ad_666013', '00000000-0000-0002-0000-000000000014', '00000000-0000-0001-0000-000000000002', '00000000-0000-0000-0000-000000000001', NULL, 'mock_adset_555013', 'mock_campaign_22222222', 'mock_creative_999013', 'creative_test', '2026-01-21 10:00:00+00'),
(gen_random_uuid(), 'mock_ad_666020', '00000000-0000-0002-0000-000000000021', '00000000-0000-0001-0000-000000000003', '00000000-0000-0000-0000-000000000001', NULL, 'mock_adset_555020', 'mock_campaign_33333333', 'mock_creative_999020', 'creative_test', '2026-01-18 10:00:00+00'),
(gen_random_uuid(), 'mock_ad_666021', '00000000-0000-0002-0000-000000000022', '00000000-0000-0001-0000-000000000003', '00000000-0000-0000-0000-000000000001', NULL, 'mock_adset_555021', 'mock_campaign_33333333', 'mock_creative_999021', 'creative_test', '2026-01-20 10:00:00+00'),
(gen_random_uuid(), 'mock_ad_666022', '00000000-0000-0002-0000-000000000023', '00000000-0000-0001-0000-000000000003', '00000000-0000-0000-0000-000000000001', NULL, 'mock_adset_555022', 'mock_campaign_33333333', 'mock_creative_999022', 'creative_test', '2026-01-22 10:00:00+00'),
(gen_random_uuid(), 'mock_ad_666023', '00000000-0000-0002-0000-000000000024', '00000000-0000-0001-0000-000000000003', '00000000-0000-0000-0000-000000000001', NULL, 'mock_adset_555023', 'mock_campaign_33333333', 'mock_creative_999023', 'creative_test', '2026-01-24 10:00:00+00');

-- =============================================================================
-- 6. LEADS (40 записей)
-- =============================================================================
-- Распределение:
-- - Имплантация (mock_ad_666001): 7 лидов (2 продажи)
-- - Имплантация (mock_ad_666002): 3 лида (0 продаж)
-- - Имплантация (mock_ad_666003): 2 лида (0 продаж)
-- - Имплантация (mock_ad_666004): 9 лидов (3 продажи)
-- - Гнатология (mock_ad_666010): 4 лида (1 продажа)
-- - Гнатология (mock_ad_666011): 8 лидов (2 продажи)
-- - Гнатология (mock_ad_666012): 3 лида (0 продаж)
-- - Гнатология (mock_ad_666013): 10 лидов (2 продажи)
-- - Виниры (mock_ad_666020): 3 лида (0 продаж)
-- - Виниры (mock_ad_666021): 5 лидов (1 продажа)
-- - Виниры (mock_ad_666022): 2 лида (0 продаж)
-- - Виниры (mock_ad_666023): 4 лида (0 продаж)
-- Всего: 60 лидов, 11 продаж (18.3% конверсия)

-- Лиды от mock_ad_666001 (Имплантация: "самая низкая цена")
INSERT INTO leads (user_account_id, account_id, direction_id, creative_id, source_id, chat_id, sale_amount, created_at) VALUES
('00000000-0000-0000-0000-000000000001', NULL, '00000000-0000-0001-0000-000000000001', NULL, 'mock_ad_666001', '+77011111111', NULL, '2026-01-10 14:23:00+00'),
('00000000-0000-0000-0000-000000000001', NULL, '00000000-0000-0001-0000-000000000001', NULL, 'mock_ad_666001', '+77011111112', NULL, '2026-01-10 18:45:00+00'),
('00000000-0000-0000-0000-000000000001', NULL, '00000000-0000-0001-0000-000000000001', NULL, 'mock_ad_666001', '+77011111113', NULL, '2026-01-11 09:12:00+00'),
('00000000-0000-0000-0000-000000000001', NULL, '00000000-0000-0001-0000-000000000001', NULL, 'mock_ad_666001', '+77011111114', NULL, '2026-01-11 11:34:00+00'),
('00000000-0000-0000-0000-000000000001', NULL, '00000000-0000-0001-0000-000000000001', NULL, 'mock_ad_666001', '+77011111115', NULL, '2026-01-11 13:56:00+00'),
('00000000-0000-0000-0000-000000000001', NULL, '00000000-0000-0001-0000-000000000001', NULL, 'mock_ad_666001', '+77011111116', 450000, '2026-01-11 15:18:00+00'), -- ПРОДАЖА!
('00000000-0000-0000-0000-000000000001', NULL, '00000000-0000-0001-0000-000000000001', NULL, 'mock_ad_666001', '+77011111117', 480000, '2026-01-11 16:42:00+00'); -- ПРОДАЖА!

-- Лиды от mock_ad_666002 (Имплантация: "пока откладываете кость уменьшается")
INSERT INTO leads (user_account_id, account_id, direction_id, creative_id, source_id, chat_id, sale_amount, created_at) VALUES
( '00000000-0000-0000-0000-000000000001', NULL, '00000000-0000-0001-0000-000000000001', NULL, 'mock_ad_666002', '+77011111121', NULL, '2026-01-12 12:40:00+00'),
('00000000-0000-0000-0000-000000000001', NULL, '00000000-0000-0001-0000-000000000001', NULL, 'mock_ad_666002', '+77011111122', NULL, '2026-01-13 10:15:00+00'),
('00000000-0000-0000-0000-000000000001', NULL, '00000000-0000-0001-0000-000000000001', NULL, 'mock_ad_666002', '+77011111123', NULL, '2026-01-13 15:22:00+00');

-- Лиды от mock_ad_666003 (Имплантация: "недавно удалил зуб")
INSERT INTO leads (user_account_id, account_id, direction_id, creative_id, source_id, chat_id, sale_amount, created_at) VALUES
( '00000000-0000-0000-0000-000000000001', NULL, '00000000-0000-0001-0000-000000000001', NULL, 'mock_ad_666003', '+77011111131', NULL, '2026-01-14 13:50:00+00'),
('00000000-0000-0000-0000-000000000001', NULL, '00000000-0000-0001-0000-000000000001', NULL, 'mock_ad_666003', '+77011111132', NULL, '2026-01-15 11:30:00+00');

-- Лиды от mock_ad_666004 (Имплантация: "восстановим за 8000")
INSERT INTO leads (user_account_id, account_id, direction_id, creative_id, source_id, chat_id, sale_amount, created_at) VALUES
( '00000000-0000-0000-0000-000000000001', NULL, '00000000-0000-0001-0000-000000000001', NULL, 'mock_ad_666004', '+77011111141', NULL, '2026-01-16 14:10:00+00'),
('00000000-0000-0000-0000-000000000001', NULL, '00000000-0000-0001-0000-000000000001', NULL, 'mock_ad_666004', '+77011111142', NULL, '2026-01-16 16:25:00+00'),
('00000000-0000-0000-0000-000000000001', NULL, '00000000-0000-0001-0000-000000000001', NULL, 'mock_ad_666004', '+77011111143', 390000, '2026-01-17 09:45:00+00'), -- ПРОДАЖА!
('00000000-0000-0000-0000-000000000001', NULL, '00000000-0000-0001-0000-000000000001', NULL, 'mock_ad_666004', '+77011111144', NULL, '2026-01-17 11:20:00+00'),
('00000000-0000-0000-0000-000000000001', NULL, '00000000-0000-0001-0000-000000000001', NULL, 'mock_ad_666004', '+77011111145', 510000, '2026-01-17 13:35:00+00'), -- ПРОДАЖА!
('00000000-0000-0000-0000-000000000001', NULL, '00000000-0000-0001-0000-000000000001', NULL, 'mock_ad_666004', '+77011111146', NULL, '2026-01-17 14:50:00+00'),
('00000000-0000-0000-0000-000000000001', NULL, '00000000-0000-0001-0000-000000000001', NULL, 'mock_ad_666004', '+77011111147', NULL, '2026-01-17 15:15:00+00'),
('00000000-0000-0000-0000-000000000001', NULL, '00000000-0000-0001-0000-000000000001', NULL, 'mock_ad_666004', '+77011111148', 420000, '2026-01-17 16:00:00+00'), -- ПРОДАЖА!
('00000000-0000-0000-0000-000000000001', NULL, '00000000-0000-0001-0000-000000000001', NULL, 'mock_ad_666004', '+77011111149', NULL, '2026-01-17 16:30:00+00');

-- Лиды от mock_ad_666010 (Гнатология: "щелкает в челюсти при открытии рта", картинка)
INSERT INTO leads (user_account_id, account_id, direction_id, creative_id, source_id, chat_id, sale_amount, created_at) VALUES
( '00000000-0000-0000-0000-000000000001', NULL, '00000000-0000-0001-0000-000000000002', NULL, 'mock_ad_666010', '+77011111201', NULL, '2026-01-15 13:20:00+00'),
('00000000-0000-0000-0000-000000000001', NULL, '00000000-0000-0001-0000-000000000002', NULL, 'mock_ad_666010', '+77011111202', 290000, '2026-01-16 10:40:00+00'), -- ПРОДАЖА!
('00000000-0000-0000-0000-000000000001', NULL, '00000000-0000-0001-0000-000000000002', NULL, 'mock_ad_666010', '+77011111203', NULL, '2026-01-16 12:55:00+00'),
('00000000-0000-0000-0000-000000000001', NULL, '00000000-0000-0001-0000-000000000002', NULL, 'mock_ad_666010', '+77011111204', NULL, '2026-01-16 14:10:00+00');

-- Лиды от mock_ad_666011 (Гнатология: "когда вы слышите щелчок")
INSERT INTO leads (user_account_id, account_id, direction_id, creative_id, source_id, chat_id, sale_amount, created_at) VALUES
( '00000000-0000-0000-0000-000000000001', NULL, '00000000-0000-0001-0000-000000000002', NULL, 'mock_ad_666011', '+77011111211', NULL, '2026-01-17 14:30:00+00'),
('00000000-0000-0000-0000-000000000001', NULL, '00000000-0000-0001-0000-000000000002', NULL, 'mock_ad_666011', '+77011111212', NULL, '2026-01-18 09:15:00+00'),
('00000000-0000-0000-0000-000000000001', NULL, '00000000-0000-0001-0000-000000000002', NULL, 'mock_ad_666011', '+77011111213', 310000, '2026-01-18 11:40:00+00'), -- ПРОДАЖА!
('00000000-0000-0000-0000-000000000001', NULL, '00000000-0000-0001-0000-000000000002', NULL, 'mock_ad_666011', '+77011111214', NULL, '2026-01-18 13:20:00+00'),
('00000000-0000-0000-0000-000000000001', NULL, '00000000-0000-0001-0000-000000000002', NULL, 'mock_ad_666011', '+77011111215', NULL, '2026-01-18 14:35:00+00'),
('00000000-0000-0000-0000-000000000001', NULL, '00000000-0000-0001-0000-000000000002', NULL, 'mock_ad_666011', '+77011111216', 285000, '2026-01-18 15:50:00+00'), -- ПРОДАЖА!
('00000000-0000-0000-0000-000000000001', NULL, '00000000-0000-0001-0000-000000000002', NULL, 'mock_ad_666011', '+77011111217', NULL, '2026-01-18 16:15:00+00'),
('00000000-0000-0000-0000-000000000001', NULL, '00000000-0000-0001-0000-000000000002', NULL, 'mock_ad_666011', '+77011111218', NULL, '2026-01-18 16:40:00+00');

-- Лиды от mock_ad_666012 (Гнатология: "если при открытии рта")
INSERT INTO leads (user_account_id, account_id, direction_id, creative_id, source_id, chat_id, sale_amount, created_at) VALUES
( '00000000-0000-0000-0000-000000000001', NULL, '00000000-0000-0001-0000-000000000002', NULL, 'mock_ad_666012', '+77011111221', NULL, '2026-01-19 12:25:00+00'),
('00000000-0000-0000-0000-000000000001', NULL, '00000000-0000-0001-0000-000000000002', NULL, 'mock_ad_666012', '+77011111222', NULL, '2026-01-20 10:50:00+00'),
('00000000-0000-0000-0000-000000000001', NULL, '00000000-0000-0001-0000-000000000002', NULL, 'mock_ad_666012', '+77011111223', NULL, '2026-01-20 14:15:00+00');

-- Лиды от mock_ad_666013 (Гнатология: "чувствуете хруст")
INSERT INTO leads (user_account_id, account_id, direction_id, creative_id, source_id, chat_id, sale_amount, created_at) VALUES
( '00000000-0000-0000-0000-000000000001', NULL, '00000000-0000-0001-0000-000000000002', NULL, 'mock_ad_666013', '+77011111231', NULL, '2026-01-21 13:10:00+00'),
('00000000-0000-0000-0000-000000000001', NULL, '00000000-0000-0001-0000-000000000002', NULL, 'mock_ad_666013', '+77011111232', NULL, '2026-01-21 14:25:00+00'),
('00000000-0000-0000-0000-000000000001', NULL, '00000000-0000-0001-0000-000000000002', NULL, 'mock_ad_666013', '+77011111233', 320000, '2026-01-22 09:40:00+00'), -- ПРОДАЖА!
('00000000-0000-0000-0000-000000000001', NULL, '00000000-0000-0001-0000-000000000002', NULL, 'mock_ad_666013', '+77011111234', NULL, '2026-01-22 11:15:00+00'),
('00000000-0000-0000-0000-000000000001', NULL, '00000000-0000-0001-0000-000000000002', NULL, 'mock_ad_666013', '+77011111235', NULL, '2026-01-22 12:30:00+00'),
('00000000-0000-0000-0000-000000000001', NULL, '00000000-0000-0001-0000-000000000002', NULL, 'mock_ad_666013', '+77011111236', NULL, '2026-01-22 13:45:00+00'),
('00000000-0000-0000-0000-000000000001', NULL, '00000000-0000-0001-0000-000000000002', NULL, 'mock_ad_666013', '+77011111237', 295000, '2026-01-22 15:00:00+00'), -- ПРОДАЖА!
('00000000-0000-0000-0000-000000000001', NULL, '00000000-0000-0001-0000-000000000002', NULL, 'mock_ad_666013', '+77011111238', NULL, '2026-01-22 16:20:00+00'),
('00000000-0000-0000-0000-000000000001', NULL, '00000000-0000-0001-0000-000000000002', NULL, 'mock_ad_666013', '+77011111239', NULL, '2026-01-22 16:50:00+00'),
('00000000-0000-0000-0000-000000000001', NULL, '00000000-0000-0001-0000-000000000002', NULL, 'mock_ad_666013', '+77011111240', NULL, '2026-01-22 17:10:00+00');

-- Лиды от mock_ad_666020 (Виниры: "хотите полностью изменить улыбку")
INSERT INTO leads (user_account_id, account_id, direction_id, creative_id, source_id, chat_id, sale_amount, created_at) VALUES
( '00000000-0000-0000-0000-000000000001', NULL, '00000000-0000-0001-0000-000000000003', NULL, 'mock_ad_666020', '+77011111301', NULL, '2026-01-18 13:30:00+00'),
('00000000-0000-0000-0000-000000000001', NULL, '00000000-0000-0001-0000-000000000003', NULL, 'mock_ad_666020', '+77011111302', NULL, '2026-01-19 10:45:00+00'),
('00000000-0000-0000-0000-000000000001', NULL, '00000000-0000-0001-0000-000000000003', NULL, 'mock_ad_666020', '+77011111303', NULL, '2026-01-19 14:20:00+00');

-- Лиды от mock_ad_666021 (Виниры: "хотите виниры на все зубы")
INSERT INTO leads (user_account_id, account_id, direction_id, creative_id, source_id, chat_id, sale_amount, created_at) VALUES
( '00000000-0000-0000-0000-000000000001', NULL, '00000000-0000-0001-0000-000000000003', NULL, 'mock_ad_666021', '+77011111311', NULL, '2026-01-20 12:15:00+00'),
('00000000-0000-0000-0000-000000000001', NULL, '00000000-0000-0001-0000-000000000003', NULL, 'mock_ad_666021', '+77011111312', NULL, '2026-01-21 09:30:00+00'),
('00000000-0000-0000-0000-000000000001', NULL, '00000000-0000-0001-0000-000000000003', NULL, 'mock_ad_666021', '+77011111313', 360000, '2026-01-21 11:50:00+00'), -- ПРОДАЖА!
('00000000-0000-0000-0000-000000000001', NULL, '00000000-0000-0001-0000-000000000003', NULL, 'mock_ad_666021', '+77011111314', NULL, '2026-01-21 14:10:00+00'),
('00000000-0000-0000-0000-000000000001', NULL, '00000000-0000-0001-0000-000000000003', NULL, 'mock_ad_666021', '+77011111315', NULL, '2026-01-21 15:40:00+00');

-- Лиды от mock_ad_666022 (Виниры: "одни довольны")
INSERT INTO leads (user_account_id, account_id, direction_id, creative_id, source_id, chat_id, sale_amount, created_at) VALUES
( '00000000-0000-0000-0000-000000000001', NULL, '00000000-0000-0001-0000-000000000003', NULL, 'mock_ad_666022', '+77011111321', NULL, '2026-01-22 12:50:00+00'),
('00000000-0000-0000-0000-000000000001', NULL, '00000000-0000-0001-0000-000000000003', NULL, 'mock_ad_666022', '+77011111322', NULL, '2026-01-23 11:20:00+00');

-- Лиды от mock_ad_666023 (Виниры: "время и деньги")
INSERT INTO leads (user_account_id, account_id, direction_id, creative_id, source_id, chat_id, sale_amount, created_at) VALUES
( '00000000-0000-0000-0000-000000000001', NULL, '00000000-0000-0001-0000-000000000003', NULL, 'mock_ad_666023', '+77011111331', NULL, '2026-01-24 13:40:00+00'),
('00000000-0000-0000-0000-000000000001', NULL, '00000000-0000-0001-0000-000000000003', NULL, 'mock_ad_666023', '+77011111332', NULL, '2026-01-25 10:15:00+00'),
('00000000-0000-0000-0000-000000000001', NULL, '00000000-0000-0001-0000-000000000003', NULL, 'mock_ad_666023', '+77011111333', NULL, '2026-01-25 14:50:00+00'),
('00000000-0000-0000-0000-000000000001', NULL, '00000000-0000-0001-0000-000000000003', NULL, 'mock_ad_666023', '+77011111334', NULL, '2026-01-25 15:25:00+00');

-- =============================================================================
-- 7. PURCHASES (11 продаж)
-- =============================================================================
-- Распределение:
-- - Имплантация: 6 продаж (средний чек: ~432 000 KZT)
-- - Гнатология: 4 продажи (средний чек: ~300 000 KZT)
-- - Виниры: 1 продажа (средний чек: 360 000 KZT)
-- Общий revenue: 4 470 000 KZT

INSERT INTO purchases (id, user_account_id, account_id, client_phone, amount, created_at) VALUES
-- Имплантация
(gen_random_uuid(), '00000000-0000-0000-0000-000000000001', NULL, '+77011111116', 450000, '2026-01-15 10:00:00+00'),
(gen_random_uuid(), '00000000-0000-0000-0000-000000000001', NULL, '+77011111117', 480000, '2026-01-16 11:30:00+00'),
(gen_random_uuid(), '00000000-0000-0000-0000-000000000001', NULL, '+77011111143', 390000, '2026-01-20 14:20:00+00'),
(gen_random_uuid(), '00000000-0000-0000-0000-000000000001', NULL, '+77011111145', 510000, '2026-01-22 09:45:00+00'),
(gen_random_uuid(), '00000000-0000-0000-0000-000000000001', NULL, '+77011111148', 420000, '2026-01-24 15:10:00+00'),
(gen_random_uuid(), '00000000-0000-0000-0000-000000000001', NULL, '+77011111149', 345000, '2026-01-26 12:30:00+00'),
-- Гнатология
(gen_random_uuid(), '00000000-0000-0000-0000-000000000001', NULL, '+77011111202', 290000, '2026-01-19 10:50:00+00'),
(gen_random_uuid(), '00000000-0000-0000-0000-000000000001', NULL, '+77011111213', 310000, '2026-01-21 13:20:00+00'),
(gen_random_uuid(), '00000000-0000-0000-0000-000000000001', NULL, '+77011111216', 285000, '2026-01-23 16:40:00+00'),
(gen_random_uuid(), '00000000-0000-0000-0000-000000000001', NULL, '+77011111233', 320000, '2026-01-25 11:15:00+00'),
(gen_random_uuid(), '00000000-0000-0000-0000-000000000001', NULL, '+77011111237', 295000, '2026-01-27 14:30:00+00'),
-- Виниры
(gen_random_uuid(), '00000000-0000-0000-0000-000000000001', NULL, '+77011111313', 360000, '2026-01-24 12:00:00+00');

-- =============================================================================
-- 8. BRAIN_EXECUTIONS (7 записей истории оптимизаций)
-- =============================================================================

-- Execution 1: Оптимизация бюджетов (2026-01-15)
INSERT INTO brain_executions (
  id, user_account_id, account_id, idempotency_key,
  plan_json, actions_json, executor_response_json,
  report_text, status, duration_ms, platform, created_at
) VALUES (
  gen_random_uuid(),
  '00000000-0000-0000-0000-000000000001',
  NULL,
  'mock-execution-2026-01-15-001',
  '{"analysis": "Проанализировано 8 AdSets. Health Score: +12 среднее. CPL: $3.87 среднее.", "actions": ["increase_budget", "pause_ad_eater"]}'::jsonb,
  '[
    {"action": "increase_budget", "adset_id": "mock_adset_555001", "from": 10, "to": 15, "reason": "CPL $2.85 (-29% от таргета), Health Score +25"},
    {"action": "pause", "adset_id": "mock_adset_555003", "reason": "CPL $7.89 (+97% от таргета), ad-eater"}
  ]'::jsonb,
  '{"success": true, "executed_actions": 2, "errors": []}'::jsonb,
  E'# Отчёт оптимизации от 2026-01-15\n\n## Выполнено действий: 2\n\n✅ Повышен бюджет mock_adset_555001: $10 → $15 (CPL $2.85)\n⏸️ Приостановлен mock_adset_555003 (ad-eater, CPL $7.89)',
  'success',
  4523,
  'facebook',
  '2026-01-15 18:30:00+00'
);

-- Execution 2: Запуск новых креативов (2026-01-18)
INSERT INTO brain_executions (
  id, user_account_id, account_id, idempotency_key,
  plan_json, actions_json, executor_response_json,
  report_text, status, duration_ms, platform, created_at
) VALUES (
  gen_random_uuid(),
  '00000000-0000-0000-0000-000000000001',
  NULL,
  'mock-execution-2026-01-18-002',
  '{"analysis": "Найдено 2 готовых креатива для запуска. Бюджет доступен.", "actions": ["launch_creative"]}'::jsonb,
  '[
    {"action": "create_adset", "creative_id": "mock_creative_999011", "budget": 10, "direction": "Гнатология"}
  ]'::jsonb,
  '{"success": true, "executed_actions": 1, "new_adset_id": "mock_adset_555011"}'::jsonb,
  E'# Отчёт оптимизации от 2026-01-18\n\n## Выполнено действий: 1\n\n🚀 Запущен новый AdSet для креатива "когда вы слышите щелчок" (бюджет $10)',
  'success',
  3214,
  'facebook',
  '2026-01-18 19:00:00+00'
);

-- Execution 3: Перераспределение бюджета (2026-01-22)
INSERT INTO brain_executions (
  id, user_account_id, account_id, idempotency_key,
  plan_json, actions_json, executor_response_json,
  report_text, status, duration_ms, platform, created_at
) VALUES (
  gen_random_uuid(),
  '00000000-0000-0000-0000-000000000001',
  NULL,
  'mock-execution-2026-01-22-003',
  '{"analysis": "Health Score снижение на направлении Виниры. Перераспределяем бюджет.", "actions": ["decrease_budget", "increase_budget"]}'::jsonb,
  '[
    {"action": "decrease_budget", "adset_id": "mock_adset_555020", "from": 15, "to": 8, "reason": "Health Score -18, CPL растёт"},
    {"action": "increase_budget", "adset_id": "mock_adset_555001", "from": 15, "to": 20, "reason": "Стабильно низкий CPL $2.91"}
  ]'::jsonb,
  '{"success": true, "executed_actions": 2}'::jsonb,
  E'# Отчёт оптимизации от 2026-01-22\n\n## Выполнено действий: 2\n\n📉 Снижен бюджет mock_adset_555020: $15 → $8\n📈 Повышен бюджет mock_adset_555001: $15 → $20',
  'success',
  3891,
  'facebook',
  '2026-01-22 18:45:00+00'
);

-- Execution 4: Масштабирование топовых креативов (2026-01-25)
INSERT INTO brain_executions (
  id, user_account_id, account_id, idempotency_key,
  plan_json, actions_json, executor_response_json,
  report_text, status, duration_ms, platform, created_at
) VALUES (
  gen_random_uuid(),
  '00000000-0000-0000-0000-000000000001',
  NULL,
  'mock-execution-2026-01-25-004',
  '{"analysis": "Найдены топовые креативы с CPL < $2.50. Масштабируем.", "actions": ["increase_budget"]}'::jsonb,
  '[
    {"action": "increase_budget", "adset_id": "mock_adset_555004", "from": 15, "to": 25, "reason": "Отличный CPL $2.15, llm_score 89"},
    {"action": "increase_budget", "adset_id": "mock_adset_555011", "from": 12, "to": 18, "reason": "CPL $2.41, стабильный поток лидов"}
  ]'::jsonb,
  '{"success": true, "executed_actions": 2}'::jsonb,
  E'# Отчёт оптимизации от 2026-01-25\n\n## Выполнено действий: 2\n\n📈 Повышен бюджет mock_adset_555004: $15 → $25 (топовый креатив)\n📈 Повышен бюджет mock_adset_555011: $12 → $18 (стабильный CPL)',
  'success',
  4102,
  'facebook',
  '2026-01-25 19:15:00+00'
);

-- Execution 5: Пауза слабых креативов (2026-01-28)
INSERT INTO brain_executions (
  id, user_account_id, account_id, idempotency_key,
  plan_json, actions_json, executor_response_json,
  report_text, status, duration_ms, platform, created_at
) VALUES (
  gen_random_uuid(),
  '00000000-0000-0000-0000-000000000001',
  NULL,
  'mock-execution-2026-01-28-005',
  '{"analysis": "Обнаружены ad-eaters на направлении Виниры.", "actions": ["pause"]}'::jsonb,
  '[
    {"action": "pause", "adset_id": "mock_adset_555022", "reason": "CPL $8.34 — в 2 раза выше таргета"}
  ]'::jsonb,
  '{"success": true, "executed_actions": 1}'::jsonb,
  E'# Отчёт оптимизации от 2026-01-28\n\n## Выполнено действий: 1\n\n⏸️ Приостановлен mock_adset_555022 (ad-eater, CPL $8.34)',
  'success',
  2987,
  'facebook',
  '2026-01-28 18:20:00+00'
);

-- Execution 6: Восстановление бюджета Гнатология (2026-01-30)
INSERT INTO brain_executions (
  id, user_account_id, account_id, idempotency_key,
  plan_json, actions_json, executor_response_json,
  report_text, status, duration_ms, platform, created_at
) VALUES (
  gen_random_uuid(),
  '00000000-0000-0000-0000-000000000001',
  NULL,
  'mock-execution-2026-01-30-006',
  '{"analysis": "Направление Гнатология показывает отличные результаты. Увеличиваем бюджет.", "actions": ["increase_budget"]}'::jsonb,
  '[
    {"action": "increase_budget", "adset_id": "mock_adset_555013", "from": 10, "to": 15, "reason": "CPL $1.89, лучший результат по кампании"}
  ]'::jsonb,
  '{"success": true, "executed_actions": 1}'::jsonb,
  E'# Отчёт оптимизации от 2026-01-30\n\n## Выполнено действий: 1\n\n📈 Повышен бюджет mock_adset_555013: $10 → $15 (топовый CPL $1.89)',
  'success',
  3456,
  'facebook',
  '2026-01-30 19:30:00+00'
);

-- Execution 7: Финальная оптимизация (2026-02-01)
INSERT INTO brain_executions (
  id, user_account_id, account_id, idempotency_key,
  plan_json, actions_json, executor_response_json,
  report_text, status, duration_ms, platform, created_at
) VALUES (
  gen_random_uuid(),
  '00000000-0000-0000-0000-000000000001',
  NULL,
  'mock-execution-2026-02-01-007',
  '{"analysis": "Общая производительность: CPL $3.12 среднее. ROI: 5800%. Финальные корректировки.", "actions": ["increase_budget", "decrease_budget"]}'::jsonb,
  '[
    {"action": "increase_budget", "adset_id": "mock_adset_555021", "from": 8, "to": 12, "reason": "CPL $3.86 для Виниров — хороший результат"},
    {"action": "decrease_budget", "adset_id": "mock_adset_555023", "from": 10, "to": 6, "reason": "CPL $4.98 близко к таргету, но ниже приоритет"}
  ]'::jsonb,
  '{"success": true, "executed_actions": 2}'::jsonb,
  E'# Отчёт оптимизации от 2026-02-01\n\n## Выполнено действий: 2\n\n📈 Повышен бюджет mock_adset_555021: $8 → $12 (хороший CPL для Виниров)\n📉 Снижен бюджет mock_adset_555023: $10 → $6 (перераспределение)\n\n## Итоги месяца:\n- Средний CPL: $3.12\n- ROI: 5800%\n- Лучший креатив: mock_creative_999013 (CPL $1.89)',
  'success',
  4789,
  'facebook',
  '2026-02-01 19:45:00+00'
);

-- =============================================================================
-- ГОТОВО! Мок-аккаунт создан.
-- =============================================================================

-- Проверка данных:
-- SELECT id, username, tarif, is_active, multi_account_enabled FROM user_accounts WHERE id = '00000000-0000-0000-0000-000000000001';
-- SELECT id, name, daily_budget_cents, target_cpl_cents FROM account_directions WHERE user_account_id = '00000000-0000-0000-0000-000000000001';
-- SELECT COUNT(*), direction_id FROM user_creatives WHERE user_id = '00000000-0000-0000-0000-000000000001' GROUP BY direction_id;
-- SELECT uc.title, ct.cpl_cents, ct.leads, ct.llm_verdict FROM creative_tests ct JOIN user_creatives uc ON uc.id = ct.user_creative_id WHERE ct.user_id = '00000000-0000-0000-0000-000000000001' ORDER BY ct.cpl_cents ASC;
-- SELECT COUNT(*) as total_leads, COUNT(CASE WHEN sale_amount IS NOT NULL THEN 1 END) as sales, SUM(sale_amount) as revenue FROM leads WHERE user_account_id = '00000000-0000-0000-0000-000000000001';

-- Для удаления мок-аккаунта:
-- DELETE FROM brain_executions WHERE user_account_id = '00000000-0000-0000-0000-000000000001';
-- DELETE FROM purchases WHERE user_account_id = '00000000-0000-0000-0000-000000000001';
-- DELETE FROM leads WHERE user_account_id = '00000000-0000-0000-0000-000000000001';
-- DELETE FROM ad_creative_mapping WHERE user_id = '00000000-0000-0000-0000-000000000001';
-- DELETE FROM creative_tests WHERE user_id = '00000000-0000-0000-0000-000000000001';
-- DELETE FROM user_creatives WHERE user_id = '00000000-0000-0000-0000-000000000001';
-- DELETE FROM account_directions WHERE user_account_id = '00000000-0000-0000-0000-000000000001';
-- DELETE FROM user_accounts WHERE id = '00000000-0000-0000-0000-000000000001';
